{"cameraMode":{"drawMode":0,"name":"Shaded","section":"Shading Mode"},"sceneLighting":true,"audioPlay":false,"sceneViewState":{"m_AlwaysRefresh":false,"showFog":true,"showSkybox":true,"showFlares":true,"showImageEffects":true,"showParticleSystems":true,"showVisualEffectGraphs":true,"m_FxEnabled":true},"in2DMode":false,"pivot":{"x":0.000964626669883728,"y":3.750845193862915,"z":-3.453354835510254},"rotation":{"x":-0.2262524962425232,"y":-0.025714535266160966,"z":0.005975145846605301,"w":-0.9737107753753662},"size":41.2873649597168,"orthographic":false}