{"cameraMode":{"drawMode":0,"name":"Shaded","section":"Shading Mode"},"sceneLighting":true,"audioPlay":false,"sceneViewState":{"m_AlwaysRefresh":false,"showFog":true,"showSkybox":true,"showFlares":true,"showImageEffects":true,"showParticleSystems":true,"showVisualEffectGraphs":true,"m_FxEnabled":true},"in2DMode":false,"pivot":{"x":342.5244445800781,"y":200.3378448486328,"z":-11.0181884765625},"rotation":{"x":-0.011999668553471566,"y":0.0014998987317085267,"z":0.000017998103430727497,"w":0.9999254941940308},"size":173.26039123535157,"orthographic":false}