{"cameraMode":{"drawMode":0,"name":"Shaded","section":"Shading Mode"},"sceneLighting":false,"audioPlay":false,"sceneViewState":{"m_AlwaysRefresh":false,"showFog":true,"showSkybox":false,"showFlares":true,"showImageEffects":true,"showParticleSystems":true,"showVisualEffectGraphs":true,"m_FxEnabled":true},"in2DMode":false,"pivot":{"x":-0.1420820653438568,"y":0.10397280752658844,"z":0.2988749146461487},"rotation":{"x":-0.007499718107283115,"y":-0.007499681785702705,"z":-0.00005624822370009497,"w":0.9999432563781738},"size":0.28489792346954348,"orthographic":false}