{"cameraMode":{"drawMode":0,"name":"Shaded","section":"Shading Mode"},"sceneLighting":false,"audioPlay":false,"sceneViewState":{"showFog":true,"showMaterialUpdate":false,"showSkybox":false,"showFlares":true,"showImageEffects":true,"showParticleSystems":true},"in2DMode":false,"pivot":{"x":0.0003057718276977539,"y":0.7842187285423279,"z":0.0006593614816665649},"rotation":{"x":0.03296452760696411,"y":0.04226049408316612,"z":-0.001395120401866734,"w":0.9985618591308594},"size":1.1510974168777466,"orthographic":false}